Cost ($/Wdc),Years,NPV,Simple Payback,Total Installed Cost
0.1,1,369.006,NaN,530
0.2,1,-160.994,NaN,1060
0.3,1,-690.994,NaN,1590
0.4,1,-1220.99,NaN,2120
0.5,1,-1750.99,NaN,2650
0.6,1,-2280.99,NaN,3180
0.7,1,-2810.99,NaN,3710
0.8,1,-3340.99,NaN,4240
0.9,1,-3870.99,NaN,4770
1,1,-4400.99,NaN,5300
1.1,1,-4930.99,NaN,5830
1.2,1,-5460.99,NaN,6360
1.3,1,-5990.99,NaN,6890
1.4,1,-6520.99,NaN,7420
1.5,1,-7050.99,NaN,7950
1.6,1,-7580.99,NaN,8480
1.7,1,-8110.99,NaN,9010
1.8,1,-8640.99,NaN,9540
1.9,1,-9170.99,NaN,10070
2,1,-9700.99,NaN,10600
0.1,2,1209.05,0.540565,530
0.2,2,679.054,NaN,1060
0.3,2,149.054,NaN,1590
0.4,2,-380.946,NaN,2120
0.5,2,-910.946,NaN,2650
0.6,2,-1440.95,NaN,3180
0.7,2,-1970.95,NaN,3710
0.8,2,-2500.95,NaN,4240
0.9,2,-3030.95,NaN,4770
1,2,-3560.95,NaN,5300
1.1,2,-4090.95,NaN,5830
1.2,2,-4620.95,NaN,6360
1.3,2,-5150.95,NaN,6890
1.4,2,-5680.95,NaN,7420
1.5,2,-6210.95,NaN,7950
1.6,2,-6740.95,NaN,8480
1.7,2,-7270.95,NaN,9010
1.8,2,-7800.95,NaN,9540
1.9,2,-8330.95,NaN,10070
2,2,-8860.95,NaN,10600
0.1,3,1994.01,0.540565,530
0.2,3,1464.01,1.07961,1060
0.3,3,934.008,1.61006,1590
0.4,3,404.008,NaN,2120
0.5,3,-125.992,NaN,2650
0.6,3,-655.992,NaN,3180
0.7,3,-1185.99,NaN,3710
0.8,3,-1715.99,NaN,4240
0.9,3,-2245.99,NaN,4770
1,3,-2775.99,NaN,5300
1.1,3,-3305.99,NaN,5830
1.2,3,-3835.99,NaN,6360
1.3,3,-4365.99,NaN,6890
1.4,3,-4895.99,NaN,7420
1.5,3,-5425.99,NaN,7950
1.6,3,-5955.99,NaN,8480
1.7,3,-6485.99,NaN,9010
1.8,3,-7015.99,NaN,9540
1.9,3,-7545.99,NaN,10070
2,3,-8075.99,NaN,10600
0.1,4,2727.48,0.540565,530
0.2,4,2197.48,1.07961,1060
0.3,4,1667.48,1.61006,1590
0.4,4,1137.48,2.13787,2120
0.5,4,607.477,2.65839,2650
0.6,4,77.4772,NaN,3180
0.7,4,-452.523,NaN,3710
0.8,4,-982.523,NaN,4240
0.9,4,-1512.52,NaN,4770
1,4,-2042.52,NaN,5300
1.1,4,-2572.52,NaN,5830
1.2,4,-3102.52,NaN,6360
1.3,4,-3632.52,NaN,6890
1.4,4,-4162.52,NaN,7420
1.5,4,-4692.52,NaN,7950
1.6,4,-5222.52,NaN,8480
1.7,4,-5752.52,NaN,9010
1.8,4,-6282.52,NaN,9540
1.9,4,-6812.52,NaN,10070
2,4,-7342.52,NaN,10600
0.1,5,3412.84,0.540565,530
0.2,5,2882.84,1.07961,1060
0.3,5,2352.84,1.61006,1590
0.4,5,1822.84,2.13787,2120
0.5,5,1292.84,2.65839,2650
0.6,5,762.836,3.17556,3180
0.7,5,232.836,3.68634,3710
0.8,5,-297.164,NaN,4240
0.9,5,-827.164,NaN,4770
1,5,-1357.16,NaN,5300
1.1,5,-1887.16,NaN,5830
1.2,5,-2417.16,NaN,6360
1.3,5,-2947.16,NaN,6890
1.4,5,-3477.16,NaN,7420
1.5,5,-4007.16,NaN,7950
1.6,5,-4537.16,NaN,8480
1.7,5,-5067.16,NaN,9010
1.8,5,-5597.16,NaN,9540
1.9,5,-6127.16,NaN,10070
2,5,-6657.16,NaN,10600
0.1,6,4053.24,0.540565,530
0.2,6,3523.24,1.07961,1060
0.3,6,2993.24,1.61006,1590
0.4,6,2463.24,2.13787,2120
0.5,6,1933.24,2.65839,2650
0.6,6,1403.24,3.17556,3180
0.7,6,873.236,3.68634,3710
0.8,6,343.236,4.19343,4240
0.9,6,-186.764,4.69465,4770
1,6,-716.764,NaN,5300
1.1,6,-1246.76,NaN,5830
1.2,6,-1776.76,NaN,6360
1.3,6,-2306.76,NaN,6890
1.4,6,-2836.76,NaN,7420
1.5,6,-3366.76,NaN,7950
1.6,6,-3896.76,NaN,8480
1.7,6,-4426.76,NaN,9010
1.8,6,-4956.76,NaN,9540
1.9,6,-5486.76,NaN,10070
2,6,-6016.76,NaN,10600
0.1,7,4651.62,0.540565,530
0.2,7,4121.62,1.07961,1060
0.3,7,3591.62,1.61006,1590
0.4,7,3061.62,2.13787,2120
0.5,7,2531.62,2.65839,2650
0.6,7,2001.62,3.17556,3180
0.7,7,1471.62,3.68634,3710
0.8,7,941.625,4.19343,4240
0.9,7,411.625,4.69465,4770
1,7,-118.375,5.19221,5300
1.1,7,-648.375,5.68406,5830
1.2,7,-1178.38,NaN,6360
1.3,7,-1708.38,NaN,6890
1.4,7,-2238.38,NaN,7420
1.5,7,-2768.38,NaN,7950
1.6,7,-3298.38,NaN,8480
1.7,7,-3828.38,NaN,9010
1.8,7,-4358.38,NaN,9540
1.9,7,-4888.38,NaN,10070
2,7,-5418.38,NaN,10600
0.1,8,5210.76,0.540565,530
0.2,8,4680.76,1.07961,1060
0.3,8,4150.76,1.61006,1590
0.4,8,3620.76,2.13787,2120
0.5,8,3090.76,2.65839,2650
0.6,8,2560.76,3.17556,3180
0.7,8,2030.76,3.68634,3710
0.8,8,1500.76,4.19343,4240
0.9,8,970.755,4.69465,4770
1,8,440.755,5.19221,5300
1.1,8,-89.2449,5.68406,5830
1.2,8,-619.245,6.17262,6360
1.3,8,-1149.24,6.65527,6890
1.4,8,-1679.24,NaN,7420
1.5,8,-2209.24,NaN,7950
1.6,8,-2739.24,NaN,8480
1.7,8,-3269.24,NaN,9010
1.8,8,-3799.24,NaN,9540
1.9,8,-4329.24,NaN,10070
2,8,-4859.24,NaN,10600
0.1,9,5733.2,0.540565,530
0.2,9,5203.2,1.07961,1060
0.3,9,4673.2,1.61006,1590
0.4,9,4143.2,2.13787,2120
0.5,9,3613.2,2.65839,2650
0.6,9,3083.2,3.17556,3180
0.7,9,2553.2,3.68634,3710
0.8,9,2023.2,4.19343,4240
0.9,9,1493.2,4.69465,4770
1,9,963.2,5.19221,5300
1.1,9,433.2,5.68406,5830
1.2,9,-96.7996,6.17262,6360
1.3,9,-626.8,6.65527,6890
1.4,9,-1156.8,7.13534,7420
1.5,9,-1686.8,7.60897,7950
1.6,9,-2216.8,NaN,8480
1.7,9,-2746.8,NaN,9010
1.8,9,-3276.8,NaN,9540
1.9,9,-3806.8,NaN,10070
2,9,-4336.8,NaN,10600
0.1,10,6221.37,0.540565,530
0.2,10,5691.37,1.07961,1060
0.3,10,5161.37,1.61006,1590
0.4,10,4631.37,2.13787,2120
0.5,10,4101.37,2.65839,2650
0.6,10,3571.37,3.17556,3180
0.7,10,3041.37,3.68634,3710
0.8,10,2511.37,4.19343,4240
0.9,10,1981.37,4.69465,4770
1,10,1451.37,5.19221,5300
1.1,10,921.365,5.68406,5830
1.2,10,391.365,6.17262,6360
1.3,10,-138.635,6.65527,6890
1.4,10,-668.635,7.13534,7420
1.5,10,-1198.63,7.60897,7950
1.6,10,-1728.63,8.08106,8480
1.7,10,-2258.63,8.54584,9010
1.8,10,-2788.63,NaN,9540
1.9,10,-3318.63,NaN,10070
2,10,-3848.63,NaN,10600
0.1,11,6677.5,0.540565,530
0.2,11,6147.5,1.07961,1060
0.3,11,5617.5,1.61006,1590
0.4,11,5087.5,2.13787,2120
0.5,11,4557.5,2.65839,2650
0.6,11,4027.5,3.17556,3180
0.7,11,3497.5,3.68634,3710
0.8,11,2967.5,4.19343,4240
0.9,11,2437.5,4.69465,4770
1,11,1907.5,5.19221,5300
1.1,11,1377.5,5.68406,5830
1.2,11,847.497,6.17262,6360
1.3,11,317.497,6.65527,6890
1.4,11,-212.503,7.13534,7420
1.5,11,-742.503,7.60897,7950
1.6,11,-1272.5,8.08106,8480
1.7,11,-1802.5,8.54584,9010
1.8,11,-2332.5,9.01042,9540
1.9,11,-2862.5,9.46651,10070
2,11,-3392.5,9.9226,10600
0.1,12,7103.69,0.540565,530
0.2,12,6573.69,1.07961,1060
0.3,12,6043.69,1.61006,1590
0.4,12,5513.69,2.13787,2120
0.5,12,4983.69,2.65839,2650
0.6,12,4453.69,3.17556,3180
0.7,12,3923.69,3.68634,3710
0.8,12,3393.69,4.19343,4240
0.9,12,2863.69,4.69465,4770
1,12,2333.69,5.19221,5300
1.1,12,1803.69,5.68406,5830
1.2,12,1273.69,6.17262,6360
1.3,12,743.695,6.65527,6890
1.4,12,213.695,7.13534,7420
1.5,12,-316.305,7.60897,7950
1.6,12,-846.305,8.08106,8480
1.7,12,-1376.31,8.54584,9010
1.8,12,-1906.31,9.01042,9540
1.9,12,-2436.31,9.46651,10070
2,12,-2966.31,9.9226,10600
0.1,13,7501.92,0.540565,530
0.2,13,6971.92,1.07961,1060
0.3,13,6441.92,1.61006,1590
0.4,13,5911.92,2.13787,2120
0.5,13,5381.92,2.65839,2650
0.6,13,4851.92,3.17556,3180
0.7,13,4321.92,3.68634,3710
0.8,13,3791.92,4.19343,4240
0.9,13,3261.92,4.69465,4770
1,13,2731.92,5.19221,5300
1.1,13,2201.92,5.68406,5830
1.2,13,1671.92,6.17262,6360
1.3,13,1141.92,6.65527,6890
1.4,13,611.922,7.13534,7420
1.5,13,81.9218,7.60897,7950
1.6,13,-448.078,8.08106,8480
1.7,13,-978.078,8.54584,9010
1.8,13,-1508.08,9.01042,9540
1.9,13,-2038.08,9.46651,10070
2,13,-2568.08,9.9226,10600
0.1,14,7874.01,0.540565,530
0.2,14,7344.01,1.07961,1060
0.3,14,6814.01,1.61006,1590
0.4,14,6284.01,2.13787,2120
0.5,14,5754.01,2.65839,2650
0.6,14,5224.01,3.17556,3180
0.7,14,4694.01,3.68634,3710
0.8,14,4164.01,4.19343,4240
0.9,14,3634.01,4.69465,4770
1,14,3104.01,5.19221,5300
1.1,14,2574.01,5.68406,5830
1.2,14,2044.01,6.17262,6360
1.3,14,1514.01,6.65527,6890
1.4,14,984.012,7.13534,7420
1.5,14,454.012,7.60897,7950
1.6,14,-75.9882,8.08106,8480
1.7,14,-605.988,8.54584,9010
1.8,14,-1135.99,9.01042,9540
1.9,14,-1665.99,9.46651,10070
2,14,-2195.99,9.9226,10600
0.1,15,8221.68,0.540565,530
0.2,15,7691.68,1.07961,1060
0.3,15,7161.68,1.61006,1590
0.4,15,6631.68,2.13787,2120
0.5,15,6101.68,2.65839,2650
0.6,15,5571.68,3.17556,3180
0.7,15,5041.68,3.68634,3710
0.8,15,4511.68,4.19343,4240
0.9,15,3981.68,4.69465,4770
1,15,3451.68,5.19221,5300
1.1,15,2921.68,5.68406,5830
1.2,15,2391.68,6.17262,6360
1.3,15,1861.68,6.65527,6890
1.4,15,1331.68,7.13534,7420
1.5,15,801.678,7.60897,7950
1.6,15,271.678,8.08106,8480
1.7,15,-258.322,8.54584,9010
1.8,15,-788.322,9.01042,9540
1.9,15,-1318.32,9.46651,10070
2,15,-1848.32,9.9226,10600
0.1,16,8546.52,0.540565,530
0.2,16,8016.52,1.07961,1060
0.3,16,7486.52,1.61006,1590
0.4,16,6956.52,2.13787,2120
0.5,16,6426.52,2.65839,2650
0.6,16,5896.52,3.17556,3180
0.7,16,5366.52,3.68634,3710
0.8,16,4836.52,4.19343,4240
0.9,16,4306.52,4.69465,4770
1,16,3776.52,5.19221,5300
1.1,16,3246.52,5.68406,5830
1.2,16,2716.52,6.17262,6360
1.3,16,2186.52,6.65527,6890
1.4,16,1656.52,7.13534,7420
1.5,16,1126.52,7.60897,7950
1.6,16,596.523,8.08106,8480
1.7,16,66.5233,8.54584,9010
1.8,16,-463.477,9.01042,9540
1.9,16,-993.477,9.46651,10070
2,16,-1523.48,9.9226,10600
0.1,17,8850.04,0.540565,530
0.2,17,8320.04,1.07961,1060
0.3,17,7790.04,1.61006,1590
0.4,17,7260.04,2.13787,2120
0.5,17,6730.04,2.65839,2650
0.6,17,6200.04,3.17556,3180
0.7,17,5670.04,3.68634,3710
0.8,17,5140.04,4.19343,4240
0.9,17,4610.04,4.69465,4770
1,17,4080.04,5.19221,5300
1.1,17,3550.04,5.68406,5830
1.2,17,3020.04,6.17262,6360
1.3,17,2490.04,6.65527,6890
1.4,17,1960.04,7.13534,7420
1.5,17,1430.04,7.60897,7950
1.6,17,900.043,8.08106,8480
1.7,17,370.043,8.54584,9010
1.8,17,-159.957,9.01042,9540
1.9,17,-689.957,9.46651,10070
2,17,-1219.96,9.9226,10600
0.1,18,9133.64,0.540565,530
0.2,18,8603.64,1.07961,1060
0.3,18,8073.64,1.61006,1590
0.4,18,7543.64,2.13787,2120
0.5,18,7013.64,2.65839,2650
0.6,18,6483.64,3.17556,3180
0.7,18,5953.64,3.68634,3710
0.8,18,5423.64,4.19343,4240
0.9,18,4893.64,4.69465,4770
1,18,4363.64,5.19221,5300
1.1,18,3833.64,5.68406,5830
1.2,18,3303.64,6.17262,6360
1.3,18,2773.64,6.65527,6890
1.4,18,2243.64,7.13534,7420
1.5,18,1713.64,7.60897,7950
1.6,18,1183.64,8.08106,8480
1.7,18,653.636,8.54584,9010
1.8,18,123.636,9.01042,9540
1.9,18,-406.364,9.46651,10070
2,18,-936.364,9.9226,10600
0.1,19,9398.61,0.540565,530
0.2,19,8868.61,1.07961,1060
0.3,19,8338.61,1.61006,1590
0.4,19,7808.61,2.13787,2120
0.5,19,7278.61,2.65839,2650
0.6,19,6748.61,3.17556,3180
0.7,19,6218.61,3.68634,3710
0.8,19,5688.61,4.19343,4240
0.9,19,5158.61,4.69465,4770
1,19,4628.61,5.19221,5300
1.1,19,4098.61,5.68406,5830
1.2,19,3568.61,6.17262,6360
1.3,19,3038.61,6.65527,6890
1.4,19,2508.61,7.13534,7420
1.5,19,1978.61,7.60897,7950
1.6,19,1448.61,8.08106,8480
1.7,19,918.609,8.54584,9010
1.8,19,388.609,9.01042,9540
1.9,19,-141.391,9.46651,10070
2,19,-671.391,9.9226,10600
0.1,20,9646.18,0.540565,530
0.2,20,9116.18,1.07961,1060
0.3,20,8586.18,1.61006,1590
0.4,20,8056.18,2.13787,2120
0.5,20,7526.18,2.65839,2650
0.6,20,6996.18,3.17556,3180
0.7,20,6466.18,3.68634,3710
0.8,20,5936.18,4.19343,4240
0.9,20,5406.18,4.69465,4770
1,20,4876.18,5.19221,5300
1.1,20,4346.18,5.68406,5830
1.2,20,3816.18,6.17262,6360
1.3,20,3286.18,6.65527,6890
1.4,20,2756.18,7.13534,7420
1.5,20,2226.18,7.60897,7950
1.6,20,1696.18,8.08106,8480
1.7,20,1166.18,8.54584,9010
1.8,20,636.183,9.01042,9540
1.9,20,106.183,9.46651,10070
2,20,-423.817,9.9226,10600
